CustomerID,FirstName,LastName,Email,PhoneNumber,Address,City,State,PostalCode,Country
1,John,Doe,john.doe@example.com,555-1234,123 Main St,Anytown,CA,90210,USA
2,Jane,Smith,jane.smith@example.com,555-5678,456 Oak St,Somewhere,TX,73301,USA
3,Emily,Johnson,emily.johnson@example.com,555-8765,789 Pine St,Anywhere,NY,10001,USA
4,Michael,Brown,michael.brown@example.com,555-4321,321 Elm St,Everytown,FL,33101,USA
5,Sarah,Davis,sarah.davis@example.com,555-9876,654 Maple St,Anyplace,WA,98101,USA
6,David,Wilson,david.wilson@example.com,555-3456,987 Birch St,Thisplace,IL,60601,USA
7,Amy,Clark,amy.clark@example.com,555-6543,159 Cedar St,Thoseplace,NJ,07001,USA
8,Chris,Lewis,chris.lewis@example.com,555-5432,753 Ash St,Whoville,MA,02101,USA
9,Patricia,Lee,patricia.lee@example.com,555-6789,951 Cherry St,Someplace,PA,19019,USA
10,Matthew,Walker,matthew.walker@example.com,555-7890,357 Spruce St,Thistown,OH,44101,USA
11,Laura,Hall,laura.hall@example.com,555-8901,159 Willow St,Heretown,VA,22301,USA
12,Daniel,Young,daniel.young@example.com,555-9012,753 Hickory St,Thattown,MI,48201,USA
13,Jessica,Hernandez,jessica.hernandez@example.com,555-0123,951 Fir St,Newplace,GA,30301,USA
14,Andrew,King,andrew.king@example.com,555-1235,357 Oakwood St,Oldplace,NC,27501,USA
15,Karen,Wright,karen.wright@example.com,555-2346,159 Redwood St,Anycity,CO,80201,USA
16,Joshua,Lopez,joshua.lopez@example.com,555-3457,753 Sequoia St,Anyville,OR,97201,USA
17,Ashley,Scott,ashley.scott@example.com,555-4568,951 Magnolia St,Yourtown,WI,53201,USA
18,James,Green,james.green@example.com,555-5679,357 Dogwood St,Hisplace,MN,55401,USA
19,Olivia,Adams,olivia.adams@example.com,555-6780,159 Pecan St,Ourplace,MO,63101,USA
20,Anthony,Garcia,anthony.garcia@example.com,555-7891,753 Walnut St,Theirtown,KS,66101,USA
21,Grace,Martinez,grace.martinez@example.com,555-8902,951 Palmetto St,Someplace,IN,46201,USA
22,Brian,Anderson,brian.anderson@example.com,555-9013,357 Chestnut St,Otherplace,AZ,85001,USA
23,Emma,Harris,emma.harris@example.com,555-0124,159 Cypress St,Anothertown,NV,89501,USA
24,Jacob,Martinez,jacob.martinez@example.com,555-1236,753 Poplar St,Yetplace,NM,87501,USA
25,Sophia,Robinson,sophia.robinson@example.com,555-2347,951 Basswood St,Yourcity,UT,84101,USA
26,Benjamin,Clark,benjamin.clark@example.com,555-3458,357 Cedarwood St,Heretown,MT,59101,USA
27,Isabella,Rodriguez,isabella.rodriguez@example.com,555-4569,159 Redwood St,Hisplace,ID,83701,USA
28,Alexander,Lewis,alexander.lewis@example.com,555-5670,753 Mahogany St,Someplace,IA,50301,USA
29,Mia,Walker,mia.walker@example.com,555-6781,951 Olive St,Thattown,NE,68101,USA
30,Noah,Hall,noah.hall@example.com,555-7892,357 Spruce St,Anytown,KY,40201,USA
31,Ethan,White,ethan.white@example.com,555-8903,123 Maple St,Bigcity,TX,75201,USA
32,Madison,Moore,madison.moore@example.com,555-9014,456 Pine St,Littletown,OH,43215,USA
33,William,King,william.king@example.com,555-0125,789 Birch St,Capitalcity,CA,95814,USA
34,Ava,Wright,ava.wright@example.com,555-1237,321 Elm St,Beachcity,FL,33139,USA
35,Michael,Thompson,michael.thompson@example.com,555-2348,654 Cedar St,Rivercity,WA,98104,USA
36,Abigail,Lee,abigail.lee@example.com,555-3459,987 Oak St,Mountaintown,CO,80903,USA
37,Joseph,Scott,joseph.scott@example.com,555-4560,159 Maple St,Valleytown,UT,84102,USA
38,Victoria,Hernandez,victoria.hernandez@example.com,555-5671,753 Pine St,Deserttown,NV,89109,USA
39,Christopher,Lopez,christopher.lopez@example.com,555-6782,951 Birch St,Forestcity,OR,97204,USA
40,Isabella,Martinez,isabella.martinez@example.com,555-7893,357 Elm St,Laketown,WI,53703,USA
41,Matthew,Clark,matthew.clark@example.com,555-8904,159 Cedar St,Raintown,IL,60602,USA
42,Samantha,Young,samantha.young@example.com,555-9015,753 Oak St,Hilltown,NJ,07002,USA
43,David,Green,david.green@example.com,555-0126,951 Maple St,Prairiecity,MO,64106,USA
44,Elizabeth,Harris,elizabeth.harris@example.com,555-1238,357 Pine St,Swamptown,LA,70112,USA
45,Andrew,Martinez,andrew.martinez@example.com,555-2349,159 Birch St,Islandtown,HI,96813,USA
46,Megan,Robinson,megan.robinson@example.com,555-3450,753 Elm St,Plaincity,OK,73102,USA
47,Joshua,Hall,joshua.hall@example.com,555-4561,951 Cedar St,Goldtown,AZ,85004,USA
48,Olivia,Rodriguez,olivia.rodriguez@example.com,555-5672,357 Oak St,Silvertown,NM,87504,USA
49,Daniel,Martinez,daniel.martinez@example.com,555-6783,159 Maple St,Suncity,SD,57104,USA
50,Emily,Lewis,emily.lewis@example.com,555-7894,753 Pine St,Moontown,ND,58102,USA
51,Ryan,Walker,ryan.walker@example.com,555-8905,951 Birch St,Stonetown,MT,59102,USA
52,Ashley,Hall,ashley.hall@example.com,555-9016,357 Elm St,Watertown,ID,83702,USA
53,James,Adams,james.adams@example.com,555-0127,159 Cedar St,Windcity,WY,82001,USA
54,Sophia,Garcia,sophia.garcia@example.com,555-1239,753 Oak St,Raintown,AK,99501,USA
55,Benjamin,Thompson,benjamin.thompson@example.com,555-2350,951 Maple St,Snowtown,VT,05602,USA
56,Alyssa,Anderson,alyssa.anderson@example.com,555-3461,357 Pine St,Suntown,NH,03301,USA
57,Lucas,Martinez,lucas.martinez@example.com,555-4572,159 Birch St,Littletown,ME,04101,USA
58,Grace,Robinson,grace.robinson@example.com,555-5683,753 Elm St,Bigcity,DE,19901,USA
59,Elijah,Clark,elijah.clark@example.com,555-6794,951 Cedar St,Beachcity,RI,02903,USA
60,Avery,White,avery.white@example.com,555-7805,357 Oak St,Rivercity,MD,21201,USA
61,Henry,Young,henry.young@example.com,555-9017,123 Pine St,Greenfield,IN,46220,USA
62,Chloe,Hall,chloe.hall@example.com,555-0128,456 Birch St,Lakeview,NC,27514,USA
63,Lucas,White,lucas.white@example.com,555-1230,789 Cedar St,Riverside,SC,29201,USA
64,Ella,Walker,ella.walker@example.com,555-2341,321 Elm St,Springside,GA,30308,USA
65,Jack,Martinez,jack.martinez@example.com,555-3452,654 Maple St,Seaview,FL,33140,USA
66,Amelia,Clark,amelia.clark@example.com,555-4563,987 Oak St,Woodland,TX,78701,USA
67,Mason,Lopez,mason.lopez@example.com,555-5674,159 Pine St,Clearwater,OH,44102,USA
68,Charlotte,Adams,charlotte.adams@example.com,555-6785,753 Birch St,Grandview,IL,60603,USA
69,Logan,King,logan.king@example.com,555-7896,951 Elm St,Highland,NJ,07003,USA
70,Madison,Hernandez,madison.hernandez@example.com,555-8907,357 Cedar St,Bayside,CA,90211,USA
71,Alexander,Thompson,alexander.thompson@example.com,555-9018,159 Maple St,Hillside,WA,98105,USA
72,Sophia,Garcia,sophia.garcia@example.com,555-0129,753 Oak St,Westfield,OR,97205,USA
73,Ethan,Wright,ethan.wright@example.com,555-1231,951 Pine St,Summerville,MI,48202,USA
74,Ava,Young,ava.young@example.com,555-2342,357 Birch St,Oldtown,PA,19103,USA
75,Oliver,Scott,oliver.scott@example.com,555-3453,159 Elm St,Eastview,NY,10002,USA
76,Harper,Green,harper.green@example.com,555-4564,753 Cedar St,Springfield,VA,22302,USA
77,Liam,Harris,liam.harris@example.com,555-5675,951 Oak St,Fairview,MN,55402,USA
78,Emma,Anderson,emma.anderson@example.com,555-6786,357 Pine St,Parkview,WI,53202,USA
79,Aiden,Hall,aiden.hall@example.com,555-7897,159 Birch St,Midtown,MO,64108,USA
80,Abigail,Robinson,abigail.robinson@example.com,555-8908,753 Elm St,Hilltop,CO,80202,USA
81,Noah,Walker,noah.walker@example.com,555-9019,951 Cedar St,Ridgetown,AZ,85005,USA
82,Mia,Martinez,mia.martinez@example.com,555-0130,357 Oak St,Lakeside,NM,87505,USA
83,James,White,james.white@example.com,555-1232,159 Pine St,Creekside,SD,57105,USA
84,Isabella,Clark,isabella.clark@example.com,555-2343,753 Birch St,Riverside,ND,58103,USA
85,Luke,Lopez,luke.lopez@example.com,555-3454,951 Elm St,Brookside,MT,59103,USA
86,Grace,Adams,grace.adams@example.com,555-4565,357 Cedar St,Sunset,ID,83703,USA
87,William,King,william.king@example.com,555-5676,159 Maple St,Rainforest,WY,82002,USA
88,Emily,Hernandez,emily.hernandez@example.com,555-6787,753 Oak St,Woodland,AK,99502,USA
89,Benjamin,Thompson,benjamin.thompson@example.com,555-7898,951 Pine St,Riverfront,VT,05603,USA
90,Chloe,Robinson,chloe.robinson@example.com,555-8909,357 Birch St,Clearview,NH,03302,USA
91,Henry,Garcia,henry.garcia@example.com,555-0120,123 Oak St,Lakeside,CA,90212,USA
92,Emma,Thompson,emma.thompson@example.com,555-1233,456 Pine St,Seaview,NV,89501,USA
93,James,Martinez,james.martinez@example.com,555-2344,789 Cedar St,Highland,IL,60604,USA
94,Olivia,Walker,olivia.walker@example.com,555-3455,321 Birch St,Sunnyvale,TX,75001,USA
95,Lucas,Adams,lucas.adams@example.com,555-4566,654 Maple St,Rivertown,WA,98106,USA
96,Isabella,Hall,isabella.hall@example.com,555-5677,987 Elm St,Springfield,OR,97206,USA
97,Logan,Scott,logan.scott@example.com,555-6788,159 Oak St,Westfield,MI,48823,USA
98,Charlotte,Green,charlotte.green@example.com,555-7899,753 Pine St,Hillview,KS,66101,USA
99,Michael,Robinson,michael.robinson@example.com,555-8900,951 Birch St,Riverdale,NJ,07004,USA
100,Sophia,Hernandez,sophia.hernandez@example.com,555-9010,357 Cedar St,Seaside,GA,30312,USA
101,Ethan,Lopez,ethan.lopez@example.com,555-0121,159 Elm St,Foresthill,CO,80401,USA
102,Grace,King,grace.king@example.com,555-1234,753 Cedar St,Lakeshore,MO,64109,USA
103,Aiden,Wright,aiden.wright@example.com,555-2345,951 Maple St,Creekside,FL,33141,USA
104,Chloe,Clark,chloe.clark@example.com,555-3456,357 Pine St,Greenville,SC,29601,USA
105,Jack,Harris,jack.harris@example.com,555-4567,159 Birch St,Sunset,CA,91304,USA
106,Harper,Walker,harper.walker@example.com,555-5678,753 Elm St,Bigfork,WA,98205,USA
107,Oliver,Thompson,oliver.thompson@example.com,555-6789,951 Cedar St,Springfield,MO,65802,USA
108,Amelia,Martinez,amelia.martinez@example.com,555-7890,357 Maple St,Greenville,TX,75401,USA
109,Avery,Hernandez,avery.hernandez@example.com,555-8901,159 Pine St,Hillside,NY,10003,USA
110,Ella,Scott,ella.scott@example.com,555-9011,753 Birch St,Lakeside,PA,19104,USA
111,Matthew,White,matthew.white@example.com,555-0122,951 Oak St,Stonehill,NC,27504,USA
112,Charlotte,Adams,charlotte.adams@example.com,555-1235,357 Elm St,Westport,VT,05604,USA
113,Henry,Lopez,henry.lopez@example.com,555-2346,159 Cedar St,Clearwater,TX,75004,USA
114,Amelia,King,amelia.king@example.com,555-3457,753 Oak St,Springfield,IA,50309,USA
115,Ethan,Wright,ethan.wright@example.com,555-4568,951 Birch St,Eastview,CO,80301,USA
116,Isabella,Hernandez,isabella.hernandez@example.com,555-5679,357 Pine St,Riverside,LA,70115,USA
117,Oliver,Scott,oliver.scott@example.com,555-6780,159 Elm St,Whiteside,MO,64110,USA
118,Chloe,Green,chloe.green@example.com,555-7891,753 Cedar St,Lakeside,OH,44109,USA
119,Lucas,Thompson,lucas.thompson@example.com,555-8902,951 Maple St,Clearview,OR,97210,USA
120,Sophia,Hall,sophia.hall@example.com,555-9012,357 Birch St,Seaside,UT,84103,USA
121,Henry,Martinez,henry.martinez@example.com,555-0123,159 Pine St,Summerville,IA,50310,USA
122,Logan,Clark,logan.clark@example.com,555-1236,753 Oak St,Westbrook,CT,06101,USA
123,Mia,Walker,mia.walker@example.com,555-2347,951 Cedar St,Riverside,MT,59801,USA
124,William,Robinson,william.robinson@example.com,555-3458,357 Cedar St,Lakeview,WI,53705,USA
125,Sophia,Hernandez,sophia.hernandez@example.com,555-4569,159 Maple St,Skyview,NV,89502,USA
126,Jacob,Adams,jacob.adams@example.com,555-5670,753 Pine St,Seaview,FL,33145,USA
127,Isabella,White,isabella.white@example.com,555-6781,951 Birch St,Highland,GA,30313,USA
128,Benjamin,Thompson,benjamin.thompson@example.com,555-7892,357 Cedar St,Springfield,CO,80910,USA
129,Emily,Scott,emily.scott@example.com,555-8903,159 Cedar St,Westlake,OH,44113,USA
130,Aiden,Harris,aiden.harris@example.com,555-9013,753 Oak St,Sunnyvale,AZ,85010,USA
131,William,Anderson,william.anderson@example.com,555-0124,123 Elm St,Greentown,OR,97211,USA
132,Ava,Johnson,ava.johnson@example.com,555-1237,456 Pine St,Lakeland,NY,10004,USA
133,James,Brown,james.brown@example.com,555-2348,789 Maple St,Springfield,VA,22304,USA
134,Olivia,Jones,olivia.jones@example.com,555-3459,321 Birch St,Westlake,TX,75005,USA
135,Ethan,Garcia,ethan.garcia@example.com,555-4560,654 Cedar St,Rivercity,OH,44114,USA
136,Emily,Miller,emily.miller@example.com,555-5671,987 Oak St,Hilltown,IL,60605,USA
137,Logan,Davis,logan.davis@example.com,555-6782,159 Pine St,Beachcity,NJ,07005,USA
138,Charlotte,Martinez,charlotte.martinez@example.com,555-7893,753 Birch St,Sunnyville,CA,90213,USA
139,Michael,Wilson,michael.wilson@example.com,555-8904,951 Elm St,Clearwater,WA,98107,USA
140,Isabella,Moore,isabella.moore@example.com,555-9015,357 Cedar St,Skyview,CO,80302,USA
141,Lucas,Taylor,lucas.taylor@example.com,555-0126,159 Maple St,Westfield,MI,48824,USA
142,Sophia,Anderson,sophia.anderson@example.com,555-1239,753 Oak St,Springfield,PA,19105,USA
143,Aiden,Thomas,aiden.thomas@example.com,555-2340,951 Pine St,Hillview,WI,53203,USA
144,Chloe,Jackson,chloe.jackson@example.com,555-3451,357 Birch St,Riverside,MO,64111,USA
145,Jack,White,jack.white@example.com,555-4562,159 Cedar St,Seaview,SC,29202,USA
146,Harper,Lee,harper.lee@example.com,555-5673,753 Elm St,Forestville,GA,30314,USA
147,Oliver,Harris,oliver.harris@example.com,555-6784,951 Oak St,Laketown,TX,75006,USA
148,Amelia,Young,amelia.young@example.com,555-7895,357 Pine St,Greenville,CA,90214,USA
149,Elijah,Clark,elijah.clark@example.com,555-8906,159 Birch St,Springfield,WA,98108,USA
150,Ella,Robinson,ella.robinson@example.com,555-9017,753 Cedar St,Westfield,CO,80203,USA
151,Matthew,Walker,matthew.walker@example.com,555-0128,951 Maple St,Riverfront,IL,60606,USA
152,Charlotte,Lopez,charlotte.lopez@example.com,555-1240,357 Elm St,Greentown,NJ,07006,USA
153,Henry,Gonzalez,henry.gonzalez@example.com,555-2351,159 Pine St,Lakeside,NY,10005,USA
154,Isabella,Morris,isabella.morris@example.com,555-3462,753 Birch St,Hilltop,VA,22305,USA
155,Oliver,Nguyen,oliver.nguyen@example.com,555-4573,951 Oak St,Sunnyvale,TX,75007,USA
156,Amelia,Rivera,amelia.rivera@example.com,555-5684,357 Cedar St,Clearview,OH,44115,USA
157,Henry,Robinson,henry.robinson@example.com,555-6795,159 Maple St,Skyview,MI,48825,USA
158,Sophia,Martinez,sophia.martinez@example.com,555-7806,753 Pine St,Greentown,CA,90215,USA
159,Benjamin,Wright,benjamin.wright@example.com,555-8917,951 Birch St,Lakeside,WA,98109,USA
160,Emily,White,emily.white@example.com,555-9028,357 Elm St,Sunnyview,CO,80303,USA
161,Elijah,Johnson,elijah.johnson@example.com,555-0129,123 Cedar St,Foresthill,OR,97212,USA
162,Ava,Brown,ava.brown@example.com,555-1241,456 Maple St,Lakeside,NY,10006,USA
163,James,Jones,james.jones@example.com,555-2352,789 Oak St,Riverside,VA,22306,USA
164,Olivia,Garcia,olivia.garcia@example.com,555-3463,321 Pine St,Greentown,TX,75008,USA
165,Ethan,Miller,ethan.miller@example.com,555-4574,654 Birch St,Hilltop,OH,44116,USA
166,Emily,Davis,emily.davis@example.com,555-5685,987 Elm St,Sunnyville,IL,60607,USA
167,Logan,Martinez,logan.martinez@example.com,555-6796,159 Maple St,Clearwater,NJ,07007,USA
168,Charlotte,Wilson,charlotte.wilson@example.com,555-7807,753 Cedar St,Westfield,CA,90216,USA
169,Michael,Moore,michael.moore@example.com,555-8918,951 Oak St,Laketown,WA,98110,USA
170,Isabella,Taylor,isabella.taylor@example.com,555-9029,357 Pine St,Springfield,CO,80304,USA
171,Lucas,Anderson,lucas.anderson@example.com,555-0130,159 Birch St,Beachcity,MI,48826,USA
172,Sophia,Thomas,sophia.thomas@example.com,555-1242,753 Elm St,Seaside,PA,19106,USA
173,Aiden,Jackson,aiden.jackson@example.com,555-2353,951 Cedar St,Lakeland,WI,53204,USA
174,Chloe,White,chloe.white@example.com,555-3464,357 Maple St,Hillview,MO,64112,USA
175,Jack,Lee,jack.lee@example.com,555-4575,159 Pine St,Sunnyvale,SC,29203,USA
176,Harper,Harris,harper.harris@example.com,555-5686,753 Birch St,Riverfront,GA,30315,USA
177,Oliver,Young,oliver.young@example.com,555-6797,951 Elm St,Greentown,TX,75009,USA
178,Amelia,Robinson,amelia.robinson@example.com,555-7808,357 Cedar St,Springfield,CA,90217,USA
179,Elijah,Walker,elijah.walker@example.com,555-8919,159 Maple St,Hilltown,WA,98111,USA
180,Ella,Gonzalez,ella.gonzalez@example.com,555-9030,753 Oak St,Westfield,CO,80204,USA
181,Matthew,Martinez,matthew.martinez@example.com,555-0131,951 Pine St,Riverdale,IL,60608,USA
182,Charlotte,Nguyen,charlotte.nguyen@example.com,555-1243,357 Birch St,Lakeside,NJ,07008,USA
183,Henry,Rivera,henry.rivera@example.com,555-2354,159 Cedar St,Skyview,NY,10007,USA
184,Isabella,Robinson,isabella.robinson@example.com,555-3465,753 Maple St,Clearview,VA,22307,USA
185,Oliver,Martinez,oliver.martinez@example.com,555-4576,951 Oak St,Sunnyvale,TX,75010,USA
186,Amelia,Thompson,amelia.thompson@example.com,555-5687,357 Pine St,Greentown,OH,44117,USA
187,Henry,Johnson,henry.johnson@example.com,555-6798,159 Birch St,Riverside,MI,48827,USA
188,Sophia,White,sophia.white@example.com,555-7809,753 Elm St,Lakeland,CA,90218,USA
189,Benjamin,King,benjamin.king@example.com,555-8920,951 Cedar St,Beachcity,WA,98112,USA
190,Emily,Adams,emily.adams@example.com,555-9031,357 Maple St,Westfield,CO,80305,USA
191,Aiden,Brown,aiden.brown@example.com,555-0132,159 Pine St,Clearwater,MI,48828,USA
192,Chloe,Jones,chloe.jones@example.com,555-1244,753 Birch St,Hilltown,PA,19107,USA
193,Jack,Gonzalez,jack.gonzalez@example.com,555-2355,951 Elm St,Sunnyville,WI,53205,USA
194,Harper,Morris,harper.morris@example.com,555-3466,357 Cedar St,Springfield,MO,64113,USA
195,William,Anderson,william.anderson@example.com,555-4577,159 Maple St,Lakeside,SC,29204,USA
196,Charlotte,Lopez,charlotte.lopez@example.com,555-5688,753 Pine St,Beachcity,GA,30316,USA
197,Henry,Harris,henry.harris@example.com,555-6799,951 Birch St,Riverfront,TX,75011,USA
198,Isabella,Young,isabella.young@example.com,555-7810,357 Elm St,Greentown,OH,44118,USA
199,Lucas,Robinson,lucas.robinson@example.com,555-8921,159 Cedar St,Hilltop,NY,10008,USA
200,Sophia,Martinez,sophia.martinez@example.com,555-9032,753 Maple St,Sunnyvale,VA,22308,USA